employee_id,skill_name,role_id,proficiency_level,proficiency_change_per_day,days_since_last_assessment,gap_severity,role_complexity,future_deficiency_score,assessment_date
EMP-0001,Python,Senior_Engineer,0.50948672438948,0.003175150928013813,18,0.18024507644458532,0.7,0.48538128599239827,2026-07-08T20:53:45.453953
EMP-0001,FastAPI,Senior_Engineer,1.0,0.009254878896562091,12,0.41529102615285984,0.7,0.0,2026-07-14T20:53:45.453953
EMP-0001,WFM_Forecasting,Senior_Engineer,1.0,0.010219243390599658,25,0.6101517844581383,0.7,0.0,2026-07-01T20:53:45.453953
EMP-0001,RTA_Adherence,Senior_Engineer,1.0,0.005205771121184416,13,0.8332201208024814,0.7,0.2604369267657082,2026-07-13T20:53:45.453953
EMP-0001,Churn_Analysis,Senior_Engineer,0.0,-0.009650471507914654,2,0.36651037441973244,0.7,1.472769332447306,2026-07-24T20:53:45.453953
EMP-0002,Python,Senior_Engineer,0.9118022223667297,0.005821849147677223,25,0.4572974375848362,0.7,0.1421910219953716,2026-07-01T20:53:45.453953
EMP-0002,FastAPI,Senior_Engineer,0.26471104425029784,-0.0019691013541436302,25,0.9919295277905414,0.7,1.2903267602692818,2026-07-01T20:53:45.453953
EMP-0002,WFM_Forecasting,Senior_Engineer,0.8408640763813436,0.002400491018363331,26,0.9711654867101436,0.7,0.5727039364228282,2026-06-30T20:53:45.453953
EMP-0002,RTA_Adherence,Senior_Engineer,1.0,0.005717912720946227,21,0.47585422435092006,0.7,0.06638973054707331,2026-07-05T20:53:45.453953
EMP-0002,Churn_Analysis,Senior_Engineer,1.0,0.005518571218743894,4,0.8818570185933146,0.7,0.27537137273434054,2026-07-22T20:53:45.453953
EMP-0003,Python,Senior_Engineer,1.0,0.012983301059781295,23,0.2891896665596748,0.7,0.0,2026-07-03T20:53:45.453953
EMP-0003,FastAPI,Senior_Engineer,0.995565653968046,0.006390440988636567,15,0.4239142759711848,0.7,0.024678254358449336,2026-07-11T20:53:45.453953
EMP-0003,WFM_Forecasting,Senior_Engineer,1.0,0.009699162047954185,22,0.526894216438076,0.7,0.0,2026-07-04T20:53:45.453953
EMP-0003,RTA_Adherence,Senior_Engineer,0.27967024301558074,-0.005632300374850944,28,0.09259926389024287,0.7,0.935598400175069,2026-06-28T20:53:45.453953
EMP-0003,Churn_Analysis,Senior_Engineer,1.0,0.012293069617380444,18,0.9097643430099963,0.7,0.08609008298358484,2026-07-08T20:53:45.453953
EMP-0004,Python,Junior_Engineer,0.6861866698401503,-0.0008099162409514072,14,0.5282757619155563,0.3,0.60224869834617,2026-07-12T20:53:45.453953
EMP-0004,FastAPI,Junior_Engineer,0.0,-0.00810407323537747,2,0.0913481162856895,0.3,1.288796255204169,2026-07-24T20:53:45.453953
EMP-0004,WFM_Forecasting,Junior_Engineer,0.1567559635284087,-0.006992140399128715,12,0.1033557618752089,0.3,1.1046861293830572,2026-07-14T20:53:45.453953
EMP-0004,RTA_Adherence,Junior_Engineer,1.0,0.018489639808024268,22,0.4147061910167531,0.3,0.0,2026-07-04T20:53:45.453953
EMP-0004,Churn_Analysis,Junior_Engineer,0.0,-0.005652340763691391,28,0.19008116786749607,0.3,1.2646108068444897,2026-06-28T20:53:45.453953
EMP-0005,Python,Junior_Engineer,1.0,0.009294200945261457,2,0.2182103908543228,0.3,0.0,2026-07-24T20:53:45.453953
EMP-0005,FastAPI,Junior_Engineer,1.0,0.018812868483920123,21,0.09753588044493555,0.3,0.0,2026-07-05T20:53:45.453953
EMP-0005,WFM_Forecasting,Junior_Engineer,0.9688406596017717,0.0024710161709935417,23,0.0029282862855675162,0.3,0.0,2026-07-03T20:53:45.453953
EMP-0005,RTA_Adherence,Junior_Engineer,1.0,0.010406690530371758,29,0.2400227022248127,0.3,0.0,2026-06-27T20:53:45.453953
EMP-0005,Churn_Analysis,Junior_Engineer,0.42482323062014427,0.001970102239693787,13,0.629751165230222,0.3,0.8309492848041531,2026-07-13T20:53:45.453953
EMP-0006,Python,Senior_Engineer,0.9846292711250673,0.00400533163944641,9,0.020630557706025177,0.7,0.0,2026-07-17T20:53:45.453953
EMP-0006,FastAPI,Senior_Engineer,0.0,-0.009795468936263867,8,0.7908958212344696,0.7,1.6893119787051507,2026-07-18T20:53:45.453953
EMP-0006,WFM_Forecasting,Senior_Engineer,0.4659528159029198,0.000972560401461875,7,0.7765752159494403,0.7,0.8931579800279441,2026-07-19T20:53:45.453953
EMP-0006,RTA_Adherence,Senior_Engineer,0.6297593980389189,-0.0003199381569217157,7,0.34458500995607866,0.7,0.552131251646772,2026-07-19T20:53:45.453953
EMP-0006,Churn_Analysis,Senior_Engineer,1.0,0.011940497859514938,23,0.8105407823360296,0.7,0.047055455382566724,2026-07-03T20:53:45.453953
EMP-0007,Python,Ops_Manager,1.0,0.013851538692348097,1,0.12510996346798664,0.9,0.0,2026-07-25T20:53:45.453953
EMP-0007,FastAPI,Ops_Manager,0.5607029924092753,0.0013674083092993644,8,0.28670013280067463,0.9,0.5416248247120811,2026-07-18T20:53:45.453953
EMP-0007,WFM_Forecasting,Ops_Manager,1.0,0.006906080191057528,17,0.5478516250582616,0.9,0.06674340679740504,2026-07-09T20:53:45.453953
EMP-0007,RTA_Adherence,Ops_Manager,1.0,0.0074402156388005385,26,0.29936005696803014,0.9,0.0,2026-06-30T20:53:45.453953
EMP-0007,Churn_Analysis,Ops_Manager,0.744476312896375,0.0015328007702282882,4,0.00632832389511917,0.9,0.21270382594433596,2026-07-22T20:53:45.453953
EMP-0008,Python,Junior_Engineer,0.49505141892646926,0.0011556215873711837,26,0.9079287239904765,0.3,0.9242442954476335,2026-06-30T20:53:45.453953
EMP-0008,FastAPI,Junior_Engineer,0.9409836308996207,0.007282945777833822,16,0.9086658163735982,0.3,0.29486090395216374,2026-07-10T20:53:45.453953
EMP-0008,WFM_Forecasting,Junior_Engineer,0.7873852948137281,0.002369306417292225,11,0.42742234359334685,0.3,0.3552466844641786,2026-07-15T20:53:45.453953
EMP-0008,RTA_Adherence,Junior_Engineer,1.0,0.009183142473816906,11,0.8573254876821443,0.3,0.15316846962656494,2026-07-15T20:53:45.453953
EMP-0008,Churn_Analysis,Junior_Engineer,0.4598196941463427,-0.0020787241863522987,27,0.22552804802050352,0.3,0.715306055454478,2026-06-29T20:53:45.453953
EMP-0009,Python,Junior_Engineer,1.0,0.01869024371146745,23,0.5315903099703028,0.3,0.0,2026-07-03T20:53:45.453953
EMP-0009,FastAPI,Junior_Engineer,0.0975954985590537,-0.004013099156495608,11,0.6995548719121494,0.3,1.3725749120918893,2026-07-15T20:53:45.453953
EMP-0009,WFM_Forecasting,Junior_Engineer,1.0,0.007461773524372864,1,0.3036146167937612,0.3,0.0,2026-07-25T20:53:45.453953
EMP-0009,RTA_Adherence,Junior_Engineer,1.0,0.010350712405165557,3,0.955629966802013,0.3,0.1672936112460398,2026-07-23T20:53:45.453953
EMP-0009,Churn_Analysis,Junior_Engineer,0.9853105623898094,0.007716202183686035,21,0.20755462869774266,0.3,0.0,2026-07-05T20:53:45.453953
EMP-0010,Python,Ops_Manager,1.0,0.010523824882713044,23,0.6679990108202144,0.9,0.018284758928716005,2026-07-03T20:53:45.453953
EMP-0010,FastAPI,Ops_Manager,0.7600509469080374,0.0007063608726825751,17,0.11969533486060424,0.9,0.2786058943417874,2026-07-09T20:53:45.453953
EMP-0010,WFM_Forecasting,Ops_Manager,0.0,-0.006603505893731328,24,0.8964438875762344,0.9,1.646327120600057,2026-07-02T20:53:45.453953
EMP-0010,RTA_Adherence,Ops_Manager,1.0,0.004346487115113493,28,0.5902011099447547,0.9,0.1647059415189725,2026-06-28T20:53:45.453953
EMP-0010,Churn_Analysis,Ops_Manager,0.0,-0.009525500270046994,7,0.4804247251936997,0.9,1.5259773706982598,2026-07-19T20:53:45.453953
EMP-0011,Python,Senior_Engineer,1.0,0.011362620781010418,16,0.9034244719351165,0.7,0.11083361253724577,2026-07-10T20:53:45.453953
EMP-0011,FastAPI,Senior_Engineer,0.21401432927547245,-0.0015187479996619357,15,0.5699434855140829,0.7,1.1165198534714271,2026-07-11T20:53:45.453953
EMP-0011,WFM_Forecasting,Senior_Engineer,0.0,-0.009531095694988466,20,0.15207850695135527,0.7,1.3619721243253315,2026-07-06T20:53:45.453953
EMP-0011,RTA_Adherence,Senior_Engineer,1.0,0.01623831253087446,21,0.9746047537964975,0.7,0.00015300097201498275,2026-07-05T20:53:45.453953
EMP-0011,Churn_Analysis,Senior_Engineer,0.8314650896379253,0.002181499679049041,2,0.19130244631473514,0.7,0.19874114314797103,2026-07-24T20:53:45.453953
EMP-0012,Python,Ops_Manager,1.0,0.010057523015076055,13,0.5226563136155383,0.9,0.0,2026-07-13T20:53:45.453953
EMP-0012,FastAPI,Ops_Manager,1.0,0.01793714147711528,21,0.9125375342845853,0.9,0.0,2026-07-05T20:53:45.453953
EMP-0012,WFM_Forecasting,Ops_Manager,0.9477646067313128,0.00466806364988742,14,0.7252965098125139,0.9,0.2748417386783216,2026-07-12T20:53:45.453953
EMP-0012,RTA_Adherence,Ops_Manager,1.0,0.013345385698263193,9,0.09774643721203324,0.9,0.0,2026-07-17T20:53:45.453953
EMP-0012,Churn_Analysis,Ops_Manager,1.0,0.018997176840964622,18,0.32353298585196066,0.9,0.0,2026-07-08T20:53:45.453953
EMP-0013,Python,Senior_Engineer,0.6336901898461789,0.004216593808182718,3,0.9849178370151768,0.7,0.732270914415928,2026-07-23T20:53:45.453953
EMP-0013,FastAPI,Senior_Engineer,0.37441974678831885,-0.0024743229504478412,28,0.7645611618894012,0.7,1.082090522669817,2026-06-28T20:53:45.453953
EMP-0013,WFM_Forecasting,Senior_Engineer,0.5572998302748748,0.0007038394474138832,16,0.8342482487603828,0.7,0.8387091106829001,2026-07-10T20:53:45.453953
EMP-0013,RTA_Adherence,Senior_Engineer,0.3509381304990609,-0.0038651845682561815,8,0.6793395385837421,0.7,1.1046871758404957,2026-07-18T20:53:45.453953
EMP-0013,Churn_Analysis,Senior_Engineer,1.0,0.012695746557365365,7,0.6473166021728575,0.7,0.0,2026-07-19T20:53:45.453953
EMP-0014,Python,Junior_Engineer,0.5525330153649108,-0.00022342925079774437,9,0.01575857559688154,0.3,0.4620491499574622,2026-07-17T20:53:45.453953
EMP-0014,FastAPI,Junior_Engineer,1.0,0.01796247316626224,29,0.2791553212936583,0.3,0.0,2026-06-27T20:53:45.453953
EMP-0014,WFM_Forecasting,Junior_Engineer,1.0,0.011678341694053603,27,0.9752918878673027,0.3,0.13729569311204326,2026-06-29T20:53:45.453953
EMP-0014,RTA_Adherence,Junior_Engineer,0.0,-0.007449871154417848,4,0.2070795720738129,0.3,1.327035920669442,2026-07-22T20:53:45.453953
EMP-0014,Churn_Analysis,Junior_Engineer,1.0,0.011800396643467609,7,0.21035404919534728,0.3,0.0,2026-07-19T20:53:45.453953
EMP-0015,Python,Ops_Manager,0.4403181174594235,-0.0022980654761328486,28,0.6822379208729641,0.9,0.969742807261044,2026-06-28T20:53:45.453953
EMP-0015,FastAPI,Ops_Manager,1.0,0.0111382159900385,6,0.23026023400196516,0.9,0.0,2026-07-20T20:53:45.453953
EMP-0015,WFM_Forecasting,Ops_Manager,0.0,-0.005223234705648257,8,0.703443230719308,0.9,1.5084186565291018,2026-07-18T20:53:45.453953
EMP-0015,RTA_Adherence,Ops_Manager,1.0,0.013366957176425701,14,0.4618690097545317,0.9,0.0,2026-07-12T20:53:45.453953
EMP-0015,Churn_Analysis,Ops_Manager,0.9174133776754212,0.001481666849370001,21,0.48861547297404573,0.9,0.28244435333050166,2026-07-05T20:53:45.453953
EMP-0016,Python,Junior_Engineer,1.0,0.008844238495808997,25,0.5363748757287415,0.3,0.0028602829901008264,2026-07-01T20:53:45.453953
EMP-0016,FastAPI,Junior_Engineer,0.6298083306337079,0.00030181708383232066,2,0.8237031056294926,0.3,0.7729887096660688,2026-07-24T20:53:45.453953
EMP-0016,WFM_Forecasting,Junior_Engineer,0.12869619126366072,-0.005041752349172762,23,0.4925325405698814,0.3,1.268822649496463,2026-07-03T20:53:45.453953
EMP-0016,RTA_Adherence,Junior_Engineer,1.0,0.004200564274465553,24,0.8113418872141761,0.3,0.27965401537312157,2026-07-02T20:53:45.453953
EMP-0016,Churn_Analysis,Junior_Engineer,1.0,0.015700017886188904,9,0.005285833605746859,0.3,0.0,2026-07-17T20:53:45.453953
EMP-0017,Python,Junior_Engineer,0.7178920930076931,-0.0003667175525068414,29,0.4009659302778107,0.3,0.4935923987064175,2026-06-27T20:53:45.453953
EMP-0017,FastAPI,Junior_Engineer,0.0,-0.006446671554431749,24,0.17760820784781706,0.3,1.282204250556861,2026-07-02T20:53:45.453953
EMP-0017,WFM_Forecasting,Junior_Engineer,0.0,-0.0033155660494000464,22,0.9074069113228497,0.3,1.5531704371434263,2026-07-04T20:53:45.453953
EMP-0017,RTA_Adherence,Junior_Engineer,0.18106537238009202,-0.006547277039915206,10,0.20300579662651497,0.3,1.1168558371306216,2026-07-16T20:53:45.453953
EMP-0017,Churn_Analysis,Junior_Engineer,1.0,0.011723528041138966,14,0.5338247648645054,0.3,0.0,2026-07-12T20:53:45.453953
EMP-0018,Python,Ops_Manager,1.0,0.016566541167923804,4,0.4984545681723954,0.9,0.0,2026-07-22T20:53:45.453953
EMP-0018,FastAPI,Ops_Manager,1.0,0.012226542918012258,27,0.9479757828231,0.9,0.10719160387118215,2026-06-29T20:53:45.453953
EMP-0018,WFM_Forecasting,Ops_Manager,1.0,0.017251031060422452,11,0.5398209642749799,0.9,0.0,2026-07-15T20:53:45.453953
EMP-0018,RTA_Adherence,Ops_Manager,1.0,0.008476847684081515,21,0.0830092008517872,0.9,0.0,2026-07-05T20:53:45.453953
EMP-0018,Churn_Analysis,Ops_Manager,1.0,0.017948338331048842,25,0.22562991771563734,0.9,0.0,2026-07-01T20:53:45.453953
EMP-0019,Python,Junior_Engineer,1.0,0.018896880627585627,6,0.20392447415863746,0.3,0.0,2026-07-20T20:53:45.453953
EMP-0019,FastAPI,Junior_Engineer,0.5491777277503893,-0.0024033721875008603,1,0.16798325495268596,0.3,0.6069150653509794,2026-07-25T20:53:45.453953
EMP-0019,WFM_Forecasting,Junior_Engineer,0.8987881965796303,0.0030653397873975814,1,0.059893025715650805,0.3,0.03919812265626771,2026-07-25T20:53:45.453953
EMP-0019,RTA_Adherence,Junior_Engineer,1.0,0.019239115231267652,17,0.41557752151553873,0.3,0.0,2026-07-09T20:53:45.453953
EMP-0019,Churn_Analysis,Junior_Engineer,1.0,0.015005481968637291,24,0.753543856416553,0.3,0.0,2026-07-02T20:53:45.453953
EMP-0020,Python,Junior_Engineer,0.02387615323528719,-0.004861859604170511,28,0.2569881379255686,0.3,1.2504737038526124,2026-06-28T20:53:45.453953
EMP-0020,FastAPI,Junior_Engineer,1.0,0.014073645010909902,9,0.859846472467804,0.3,0.007713885906604989,2026-07-17T20:53:45.453953
EMP-0020,WFM_Forecasting,Junior_Engineer,1.0,0.013278667454377753,20,0.818265708409275,0.3,0.010772830573304804,2026-07-06T20:53:45.453953
EMP-0020,RTA_Adherence,Junior_Engineer,1.0,0.018717545561565657,2,0.9600753324209788,0.3,0.0,2026-07-24T20:53:45.453953
EMP-0020,Churn_Analysis,Junior_Engineer,1.0,0.0175246465479015,3,0.328516294427341,0.3,0.0,2026-07-23T20:53:45.453953
EMP-0021,Python,Senior_Engineer,1.0,0.016015815522773917,24,0.34005087048590366,0.7,0.0,2026-07-02T20:53:45.453953
EMP-0021,FastAPI,Senior_Engineer,0.4461064955684772,-0.0017968140567989153,27,0.5584224041312735,0.7,0.887009128201127,2026-06-29T20:53:45.453953
EMP-0021,WFM_Forecasting,Senior_Engineer,1.0,0.017195746320069934,15,0.03569501127835362,0.7,0.0,2026-07-11T20:53:45.453953
EMP-0021,RTA_Adherence,Senior_Engineer,0.0,-0.007211250736023255,22,0.7462418591427091,0.7,1.5894584516520522,2026-07-04T20:53:45.453953
EMP-0021,Churn_Analysis,Senior_Engineer,1.0,0.008821295346705295,12,0.461493363596563,0.7,0.0,2026-07-14T20:53:45.453953
EMP-0022,Python,Ops_Manager,1.0,0.01580715495773021,10,0.7065155295080084,0.9,0.0,2026-07-16T20:53:45.453953
EMP-0022,FastAPI,Ops_Manager,1.0,0.006852954807588766,12,0.62338657878313,0.9,0.10610464516390211,2026-07-14T20:53:45.453953
EMP-0022,WFM_Forecasting,Ops_Manager,1.0,0.005785244632209559,19,0.970657845423822,0.9,0.31177158374562425,2026-07-07T20:53:45.453953
EMP-0022,RTA_Adherence,Ops_Manager,0.825568276951784,0.006887219421844207,29,0.42217836650166896,0.9,0.17890432364372433,2026-06-27T20:53:45.453953
EMP-0022,Churn_Analysis,Ops_Manager,0.13114435702978347,-0.0025686599517737154,29,0.7365307023027226,0.9,1.3141807926747893,2026-06-27T20:53:45.453953
EMP-0023,Python,Ops_Manager,0.23422910693935534,-0.0018178946020774786,15,0.11511663031757202,0.9,0.8778660462817549,2026-07-11T20:53:45.453953
EMP-0023,FastAPI,Ops_Manager,1.0,0.007295257802950069,20,0.15186128488886674,0.9,0.0,2026-07-06T20:53:45.453953
EMP-0023,WFM_Forecasting,Ops_Manager,1.0,0.01388747942416122,26,0.04749166613851663,0.9,0.0,2026-06-30T20:53:45.453953
EMP-0023,RTA_Adherence,Ops_Manager,0.0,-0.00901303432746385,3,0.6289571439578608,0.9,1.5848696018028459,2026-07-23T20:53:45.453953
EMP-0023,Churn_Analysis,Ops_Manager,0.0,-0.007580982924702867,16,0.7320555824189767,0.9,1.5934572789505745,2026-07-10T20:53:45.453953
EMP-0024,Python,Junior_Engineer,1.0,0.008610780659432821,7,0.8284830015847089,0.3,0.15591808100936977,2026-07-19T20:53:45.453953
EMP-0024,FastAPI,Junior_Engineer,1.0,0.006957466746966767,17,0.37001543033916207,0.3,0.0,2026-07-09T20:53:45.453953
EMP-0024,WFM_Forecasting,Junior_Engineer,1.0,0.01717569880403312,17,0.9556625480902102,0.3,0.0,2026-07-09T20:53:45.453953
EMP-0024,RTA_Adherence,Junior_Engineer,1.0,0.013299696083564445,22,0.5841676232146584,0.3,0.0,2026-07-04T20:53:45.453953
EMP-0024,Churn_Analysis,Junior_Engineer,1.0,0.0114968205414598,3,0.6979777790554168,0.3,0.00408427328391453,2026-07-23T20:53:45.453953
EMP-0025,Python,Senior_Engineer,1.0,0.01671621438652278,10,0.4521099890833098,0.7,0.0,2026-07-16T20:53:45.453953
EMP-0025,FastAPI,Senior_Engineer,0.614260189906105,0.0019071929850179598,2,0.18062712693739758,0.7,0.41883758401205495,2026-07-24T20:53:45.453953
EMP-0025,WFM_Forecasting,Senior_Engineer,0.1679968286924305,-0.0014153625020241947,23,0.280054960083452,0.7,1.0144915264100214,2026-07-03T20:53:45.453953
EMP-0025,RTA_Adherence,Senior_Engineer,0.0,-0.006718716687858709,5,0.007852284327483416,0.7,1.205487642799503,2026-07-21T20:53:45.453953
EMP-0025,Churn_Analysis,Senior_Engineer,0.5552447004750676,-0.002338386082310357,6,0.3714834463811021,0.7,0.7006486051847941,2026-07-20T20:53:45.453953
EMP-0026,Python,Ops_Manager,0.6139972958588664,0.002304250883348435,14,0.552346695847475,0.9,0.593048525564418,2026-07-12T20:53:45.453953
EMP-0026,FastAPI,Ops_Manager,1.0,0.007628718379622807,7,0.6427529320073,0.9,0.09251491461496575,2026-07-19T20:53:45.453953
EMP-0026,WFM_Forecasting,Ops_Manager,0.0,-0.009467315067743917,6,0.17702048532312165,0.9,1.3725296946938785,2026-07-20T20:53:45.453953
EMP-0026,RTA_Adherence,Ops_Manager,1.0,0.01668104353697642,26,0.7709183697425884,0.9,0.0,2026-06-30T20:53:45.453953
EMP-0026,Churn_Analysis,Ops_Manager,1.0,0.010662716970802835,13,0.10787278942275502,0.9,0.0,2026-07-13T20:53:45.453953
EMP-0027,Python,Ops_Manager,1.0,0.016018594636976413,10,0.7995434168988743,0.9,0.0,2026-07-16T20:53:45.453953
EMP-0027,FastAPI,Ops_Manager,0.0826795249705029,-0.0045954627728496235,10,0.843116743514704,0.9,1.476742729972338,2026-07-16T20:53:45.453953
EMP-0027,WFM_Forecasting,Ops_Manager,0.9094457093454044,0.004151604306029762,13,0.11617222241236047,0.9,0.02409227267988301,2026-07-13T20:53:45.453953
EMP-0027,RTA_Adherence,Ops_Manager,1.0,0.015415735452237496,18,0.8776160437194958,0.9,0.0,2026-07-08T20:53:45.453953
EMP-0027,Churn_Analysis,Ops_Manager,0.9530879925049499,0.005721449786063605,7,0.22978549208341192,0.9,0.0,2026-07-19T20:53:45.453953
EMP-0028,Python,Senior_Engineer,0.3381781632631422,-0.0006324431281658442,27,0.595597111626433,0.7,0.9785936863950497,2026-06-29T20:53:45.453953
EMP-0028,FastAPI,Senior_Engineer,0.0,-0.008735402053219739,18,0.12780039431892687,0.7,1.3259622587560556,2026-07-08T20:53:45.453953
EMP-0028,WFM_Forecasting,Senior_Engineer,1.0,0.006168421083633744,3,0.47666103874650523,0.7,0.05327788686424034,2026-07-23T20:53:45.453953
EMP-0028,RTA_Adherence,Senior_Engineer,0.6333311821796064,-0.0008034882862075175,6,0.9115035089681242,0.7,0.8465252208906813,2026-07-20T20:53:45.453953
EMP-0028,Churn_Analysis,Senior_Engineer,1.0,0.010235544733307794,24,0.5186390792884403,0.7,0.0,2026-07-02T20:53:45.453953
EMP-0029,Python,Junior_Engineer,0.574424699414785,0.0013032144005130277,1,0.1763170540000163,0.3,0.4746373955698323,2026-07-25T20:53:45.453953
EMP-0029,FastAPI,Junior_Engineer,0.2549003950636799,-0.0030007567579067446,4,0.5972032260506721,0.3,1.1337239206988585,2026-07-22T20:53:45.453953
EMP-0029,WFM_Forecasting,Junior_Engineer,0.06753588092143592,-0.004070033312272624,9,0.9950994786481212,0.3,1.5521148577708035,2026-07-17T20:53:45.453953
EMP-0029,RTA_Adherence,Junior_Engineer,0.35346631709617593,-0.002018534863224144,21,0.77968792042794,0.3,1.0969336890145185,2026-07-05T20:53:45.453953
EMP-0029,Churn_Analysis,Junior_Engineer,0.9285859381698112,0.0057630260582324806,2,0.20596702435434144,0.3,0.0015067922603850814,2026-07-24T20:53:45.453953
EMP-0030,Python,Senior_Engineer,1.0,0.013292380680191165,10,0.8394943154493055,0.7,0.020975737318917886,2026-07-16T20:53:45.453953
EMP-0030,FastAPI,Senior_Engineer,0.6191555004410273,0.002251087819877746,18,0.7043970168178666,0.7,0.6655103733715736,2026-07-08T20:53:45.453953
EMP-0030,WFM_Forecasting,Senior_Engineer,0.0,-0.008255393349753448,8,0.7577981166538815,0.7,1.6265608588195442,2026-07-18T20:53:45.453953
EMP-0030,RTA_Adherence,Senior_Engineer,1.0,0.003770205949406108,19,0.573433995900858,0.7,0.1736108194682458,2026-07-07T20:53:45.453953
EMP-0030,Churn_Analysis,Senior_Engineer,0.0,-0.006550509040991416,5,0.6227260021395891,0.7,1.507878272299537,2026-07-21T20:53:45.453953
EMP-0031,Python,Senior_Engineer,0.1996458590022658,-0.0016920459824840538,22,0.49920549935701386,0.7,1.1007182701507627,2026-07-04T20:53:45.453953
EMP-0031,FastAPI,Senior_Engineer,1.0,0.010620331292028237,7,0.7047670414143251,0.7,0.033773581946315356,2026-07-19T20:53:45.453953
EMP-0031,WFM_Forecasting,Senior_Engineer,0.3661874357333072,-0.0004711849041100936,3,0.8066773880956978,0.7,1.0512868054378446,2026-07-23T20:53:45.453953
EMP-0031,RTA_Adherence,Senior_Engineer,1.0,0.016785125145937684,23,0.273589281982933,0.7,0.0,2026-07-03T20:53:45.453953
EMP-0031,Churn_Analysis,Senior_Engineer,1.0,0.011969134741576902,10,0.7953408454373209,0.7,0.03859638047135333,2026-07-16T20:53:45.453953
EMP-0032,Python,Senior_Engineer,0.0,-0.004602622893223416,6,0.7435000514967458,0.7,1.5098287125450756,2026-07-20T20:53:45.453953
EMP-0032,FastAPI,Senior_Engineer,0.038218598068157444,-0.001962866469549846,8,0.73567197411581,0.7,1.3885033830762428,2026-07-18T20:53:45.453953
EMP-0032,WFM_Forecasting,Senior_Engineer,1.0,0.013165941962255857,9,0.0035324878543822047,0.7,0.0,2026-07-17T20:53:45.453953
EMP-0032,RTA_Adherence,Senior_Engineer,1.0,0.019489836515140163,15,0.1876779701138468,0.7,0.0,2026-07-11T20:53:45.453953
EMP-0032,Churn_Analysis,Senior_Engineer,0.21409694367565013,-0.0059783904520448366,2,0.16432948781193757,0.7,1.0474195137916638,2026-07-24T20:53:45.453953
EMP-0033,Python,Senior_Engineer,1.0,0.014748818958112699,1,0.15890952806787517,0.7,0.0,2026-07-25T20:53:45.453953
EMP-0033,FastAPI,Senior_Engineer,0.0,-0.009886723843934308,20,0.3875608994579124,0.7,1.4903821650469853,2026-07-06T20:53:45.453953
EMP-0033,WFM_Forecasting,Senior_Engineer,0.9560202278789054,0.0046596452833214935,12,0.25165968737331623,0.7,0.030020257308107923,2026-07-14T20:53:45.453953
EMP-0033,RTA_Adherence,Senior_Engineer,1.0,0.009877433405315285,25,0.5077564327333209,0.7,0.0,2026-07-01T20:53:45.453953
EMP-0033,Churn_Analysis,Senior_Engineer,0.0,-0.007601050781195943,2,0.7851408292630391,0.7,1.6206019380673977,2026-07-24T20:53:45.453953
EMP-0034,Python,Junior_Engineer,0.21670200968554132,-0.004842626471045412,20,0.3165213446751478,0.3,1.086837456783395,2026-07-06T20:53:45.453953
EMP-0034,FastAPI,Junior_Engineer,0.6887718355464523,0.0019505842110437797,19,0.8973859940498153,0.3,0.701403635147142,2026-07-07T20:53:45.453953
EMP-0034,WFM_Forecasting,Junior_Engineer,0.0,-0.005430872875792247,25,0.39356867687028896,0.3,1.3597105247089118,2026-07-01T20:53:45.453953
EMP-0034,RTA_Adherence,Junior_Engineer,1.0,0.003334083986703401,11,0.28839725802855287,0.3,0.04417610941317446,2026-07-15T20:53:45.453953
EMP-0034,Churn_Analysis,Junior_Engineer,0.32291504963073114,-0.0012625000683559318,23,0.20118377904967455,0.3,0.815551841944784,2026-07-03T20:53:45.453953
EMP-0035,Python,Senior_Engineer,0.051646017774048536,-0.004020129864835895,11,0.7105727844847549,0.7,1.4242442704134057,2026-07-15T20:53:45.453953
EMP-0035,FastAPI,Senior_Engineer,0.8310966218713005,0.0028016280484287216,6,0.8770721032799343,0.7,0.523390588315805,2026-07-20T20:53:45.453953
EMP-0035,WFM_Forecasting,Senior_Engineer,0.29425410147785036,-0.0022824928025933604,5,0.1042566105625472,0.7,0.826348987881224,2026-07-21T20:53:45.453953
EMP-0035,RTA_Adherence,Senior_Engineer,0.7138540394265173,0.005069625519309321,18,0.4558705174644434,0.7,0.3619924537264248,2026-07-08T20:53:45.453953
EMP-0035,Churn_Analysis,Senior_Engineer,1.0,0.010060217262102185,29,0.15583043580673794,0.7,0.0,2026-06-27T20:53:45.453953
EMP-0036,Python,Senior_Engineer,0.415357629126974,-0.0032167433439442995,20,0.19002856788272005,0.7,0.776158955132715,2026-07-06T20:53:45.453953
EMP-0036,FastAPI,Senior_Engineer,1.0,0.009492205268299686,27,0.5888526825179804,0.7,0.009660183209999562,2026-06-29T20:53:45.453953
EMP-0036,WFM_Forecasting,Senior_Engineer,0.5973922997275206,-0.001984557023878326,27,0.5242746782780049,0.7,0.7242817501278316,2026-06-29T20:53:45.453953
EMP-0036,RTA_Adherence,Senior_Engineer,1.0,0.017770095376991216,14,0.882701266734705,0.7,0.0,2026-07-12T20:53:45.453953
EMP-0036,Churn_Analysis,Senior_Engineer,1.0,0.018453144099217188,14,0.19599088158407807,0.7,0.0,2026-07-12T20:53:45.453953
EMP-0037,Python,Ops_Manager,1.0,0.01993445307600414,28,0.7117500919619795,0.9,0.0,2026-06-28T20:53:45.453953
EMP-0037,FastAPI,Ops_Manager,0.0,-0.007048095819112114,3,0.3606197088319544,0.9,1.3917527289893405,2026-07-23T20:53:45.453953
EMP-0037,WFM_Forecasting,Ops_Manager,0.7127525869600182,0.005121752769142392,25,0.5607523145562668,0.9,0.41397098724384346,2026-07-01T20:53:45.453953
EMP-0037,RTA_Adherence,Ops_Manager,1.0,0.012561323027832161,20,0.7495861583408326,0.9,0.0,2026-07-06T20:53:45.453953
EMP-0037,Churn_Analysis,Ops_Manager,0.7299087925627136,0.0019991286624728623,25,0.8965856540091145,0.9,0.6584101745676578,2026-07-01T20:53:45.453953
EMP-0038,Python,Ops_Manager,1.0,0.011169262243445442,23,0.750955062109159,0.9,0.040399663751216286,2026-07-03T20:53:45.453953
EMP-0038,FastAPI,Ops_Manager,0.8037045701744796,0.0025362898122358,23,0.957703102364426,0.9,0.5990582866406594,2026-07-03T20:53:45.453953
EMP-0038,WFM_Forecasting,Ops_Manager,1.0,0.0037716346178860733,17,0.8054266118408014,0.9,0.2895642673838184,2026-07-09T20:53:45.453953
EMP-0038,RTA_Adherence,Ops_Manager,1.0,0.005914298660070672,2,0.20539114790287039,0.9,0.0,2026-07-24T20:53:45.453953
EMP-0038,Churn_Analysis,Ops_Manager,1.0,0.005584049000138754,7,0.9335418858101262,0.9,0.2992494729009006,2026-07-19T20:53:45.453953
EMP-0039,Python,Junior_Engineer,0.0,-0.007867416584892125,4,0.8528576840579277,0.3,1.6624513395757277,2026-07-22T20:53:45.453953
EMP-0039,FastAPI,Junior_Engineer,1.0,0.019992593003111035,13,0.9285179575132241,0.3,0.0,2026-07-13T20:53:45.453953
EMP-0039,WFM_Forecasting,Junior_Engineer,1.0,0.006681457156229668,4,0.3638147130829269,0.3,0.0,2026-07-22T20:53:45.453953
EMP-0039,RTA_Adherence,Junior_Engineer,0.33014287599664505,0.0010185288751201928,7,0.5474409695840495,0.3,0.9130217425417739,2026-07-19T20:53:45.453953
EMP-0039,Churn_Analysis,Junior_Engineer,1.0,0.007795389483029753,23,0.8189053624047117,0.3,0.17559099671146333,2026-07-03T20:53:45.453953
EMP-0040,Python,Junior_Engineer,0.9455821213950755,0.005082128188062812,1,0.853232257514656,0.3,0.32857016172036824,2026-07-25T20:53:45.453953
EMP-0040,FastAPI,Junior_Engineer,1.0,0.014824557717589752,15,0.005325919339787766,0.3,0.0,2026-07-11T20:53:45.453953
EMP-0040,WFM_Forecasting,Junior_Engineer,0.7826632391458788,0.00608221147215003,25,0.23842067529687283,0.3,0.15408075433805674,2026-07-01T20:53:45.453953
EMP-0040,RTA_Adherence,Junior_Engineer,1.0,0.009527155287850609,10,0.05914483242886792,0.3,0.0,2026-07-16T20:53:45.453953
EMP-0040,Churn_Analysis,Junior_Engineer,1.0,0.015480263916557943,5,0.7567393267560899,0.3,0.0,2026-07-21T20:53:45.453953
EMP-0041,Python,Senior_Engineer,0.5380861557842923,-0.00033993912417047516,9,0.3801288119001155,0.7,0.6621764238908796,2026-07-17T20:53:45.453953
EMP-0041,FastAPI,Senior_Engineer,0.7778828992629113,0.0017615768928255834,16,0.8329614527461362,0.7,0.5857505203253893,2026-07-10T20:53:45.453953
EMP-0041,WFM_Forecasting,Senior_Engineer,1.0,0.019694962835603853,10,0.9651448792638949,0.7,0.0,2026-07-16T20:53:45.453953
EMP-0041,RTA_Adherence,Senior_Engineer,1.0,0.013082331966126624,24,0.9613444856265383,0.7,0.08820228382947037,2026-07-02T20:53:45.453953
EMP-0041,Churn_Analysis,Senior_Engineer,0.60451970486011,0.004151784695050387,22,0.22276177895550375,0.7,0.3823076437661303,2026-07-04T20:53:45.453953
EMP-0042,Python,Ops_Manager,0.5650889709510776,-0.0024514010215249335,14,0.16180155632548965,0.9,0.5893538378574152,2026-07-12T20:53:45.453953
EMP-0042,FastAPI,Ops_Manager,0.0,-0.00995855390306907,22,0.640197555198062,0.9,1.618855394691103,2026-07-04T20:53:45.453953
EMP-0042,WFM_Forecasting,Ops_Manager,1.0,0.018326780688278553,20,0.3946789997799529,0.9,0.0,2026-07-06T20:53:45.453953
EMP-0042,RTA_Adherence,Ops_Manager,0.908511499910833,0.004148302809834208,27,0.6365609154912141,0.9,0.2853198735397477,2026-06-29T20:53:45.453953
EMP-0042,Churn_Analysis,Ops_Manager,0.3234786186717388,-0.003884149763370203,14,0.7548009535678295,0.9,1.170446351013282,2026-07-12T20:53:45.453953
EMP-0043,Python,Junior_Engineer,1.0,0.006931911298797786,16,0.16879478861277264,0.3,0.0,2026-07-10T20:53:45.453953
EMP-0043,FastAPI,Junior_Engineer,0.6655740600989907,0.003362914046047284,17,0.3853742189892275,0.3,0.4262256280142046,2026-07-09T20:53:45.453953
EMP-0043,WFM_Forecasting,Junior_Engineer,1.0,0.01448258249117476,6,0.6445155813085044,0.3,0.0,2026-07-20T20:53:45.453953
EMP-0043,RTA_Adherence,Junior_Engineer,1.0,0.00878937660998918,16,0.5963173108698746,0.3,0.034477357135261844,2026-07-10T20:53:45.453953
EMP-0043,Churn_Analysis,Junior_Engineer,1.0,0.019321834622714494,28,0.16036429270642805,0.3,0.0,2026-06-28T20:53:45.453953
EMP-0044,Python,Junior_Engineer,1.0,0.010173756948357744,11,0.02079928379580387,0.3,0.0,2026-07-15T20:53:45.453953
EMP-0044,FastAPI,Junior_Engineer,1.0,0.014634690732829905,6,0.052698350177809994,0.3,0.0,2026-07-20T20:53:45.453953
EMP-0044,WFM_Forecasting,Junior_Engineer,1.0,0.017853617896111854,17,0.43575657631636566,0.3,0.0,2026-07-09T20:53:45.453953
EMP-0044,RTA_Adherence,Junior_Engineer,0.7372825816411722,0.0013133061143190457,13,0.9853150821502631,0.3,0.7159757760043879,2026-07-13T20:53:45.453953
EMP-0044,Churn_Analysis,Junior_Engineer,0.35909601664676616,-0.0023238227980382827,18,0.17084203320774793,0.3,0.7960396838982564,2026-07-08T20:53:45.453953
EMP-0045,Python,Ops_Manager,1.0,0.003498851322866441,12,0.06803902898895087,0.9,0.0,2026-07-14T20:53:45.453953
EMP-0045,FastAPI,Ops_Manager,1.0,0.009414755964554966,13,0.5141439792718456,0.9,0.0,2026-07-13T20:53:45.453953
EMP-0045,WFM_Forecasting,Ops_Manager,1.0,0.016420913202177874,7,0.5408796121801245,0.9,0.0,2026-07-19T20:53:45.453953
EMP-0045,RTA_Adherence,Ops_Manager,1.0,0.00996532234982756,21,0.9058810470042521,0.9,0.1539808530072993,2026-07-05T20:53:45.453953
EMP-0045,Churn_Analysis,Ops_Manager,0.0,-0.006785160588378337,24,0.40549259072845134,0.9,1.4063011130155758,2026-07-02T20:53:45.453953
EMP-0046,Python,Junior_Engineer,0.9783052550660072,0.007042588931932098,27,0.5396067490839862,0.3,0.08022045151802304,2026-06-29T20:53:45.453953
EMP-0046,FastAPI,Junior_Engineer,1.0,0.006511748854724999,15,0.1550940267465425,0.3,0.0,2026-07-11T20:53:45.453953
EMP-0046,WFM_Forecasting,Junior_Engineer,0.0,-0.007620086106006481,26,0.4119154875483726,0.3,1.4345603269543807,2026-06-30T20:53:45.453953
EMP-0046,RTA_Adherence,Junior_Engineer,0.0,-0.0067113408178051176,10,0.5196936129268553,0.3,1.4611870309975812,2026-07-16T20:53:45.453953
EMP-0046,Churn_Analysis,Junior_Engineer,0.0,-0.003646190775866525,23,0.0029643161716137456,0.3,1.1108678813618027,2026-07-03T20:53:45.453953
EMP-0047,Python,Senior_Engineer,0.0,-0.004047166238102064,11,0.3786555729553166,0.7,1.3107427736207202,2026-07-15T20:53:45.453953
EMP-0047,FastAPI,Senior_Engineer,0.3184024712612527,-0.005053663916923057,26,0.7950051814715583,0.7,1.2307100369822181,2026-06-30T20:53:45.453953
EMP-0047,WFM_Forecasting,Senior_Engineer,0.15233771669081114,-0.0052677829589582925,4,0.10159172856650178,0.7,1.0564916363611885,2026-07-22T20:53:45.453953
EMP-0047,RTA_Adherence,Senior_Engineer,0.01684738100195987,-0.002864552046225083,27,0.48957069192053526,0.7,1.3138745263450602,2026-06-29T20:53:45.453953
EMP-0047,Churn_Analysis,Senior_Engineer,0.4254680407720245,0.0008148382867167424,18,0.7981268291054618,0.7,0.9491502251792041,2026-07-08T20:53:45.453953
EMP-0048,Python,Junior_Engineer,1.0,0.010320601818266837,6,0.43658569129844316,0.3,0.0,2026-07-20T20:53:45.453953
EMP-0048,FastAPI,Junior_Engineer,0.6374149537090344,-0.001233132637297638,23,0.9200943045570977,0.3,0.8596261776884435,2026-07-03T20:53:45.453953
EMP-0048,WFM_Forecasting,Junior_Engineer,0.8727467860883238,0.0030425495829273386,13,0.35334113689933133,0.3,0.21264729487352174,2026-07-13T20:53:45.453953
EMP-0048,RTA_Adherence,Junior_Engineer,1.0,0.015171357560295877,16,0.3910452982851641,0.3,0.0,2026-07-10T20:53:45.453953
EMP-0048,Churn_Analysis,Junior_Engineer,1.0,0.016519779595120097,4,0.5980460238485633,0.3,0.0,2026-07-22T20:53:45.453953
EMP-0049,Python,Senior_Engineer,0.0171115202185963,-0.008338700481871821,1,0.7976719710027942,0.7,1.6318854797389553,2026-07-25T20:53:45.453953
EMP-0049,FastAPI,Senior_Engineer,1.0,0.011537177449070528,5,0.023099044384098155,0.7,0.0,2026-07-21T20:53:45.453953
EMP-0049,WFM_Forecasting,Senior_Engineer,1.0,0.00495358739584675,18,0.3163097716827731,0.7,0.009547263965984099,2026-07-08T20:53:45.453953
EMP-0049,RTA_Adherence,Senior_Engineer,1.0,0.008117741993269553,6,0.5909586629250476,0.7,0.05194707166443713,2026-07-20T20:53:45.453953
EMP-0049,Churn_Analysis,Senior_Engineer,0.17564239399902104,-0.004827565876387579,2,0.9377281582481177,0.7,1.4380486614166652,2026-07-24T20:53:45.453953
EMP-0050,Python,Senior_Engineer,0.0,-0.004618337447630113,2,0.24000865114719372,0.7,1.2585544490025002,2026-07-24T20:53:45.453953
EMP-0050,FastAPI,Senior_Engineer,0.5689764422015183,-0.0014513120404290054,15,0.48740242899693875,0.7,0.7182641335098212,2026-07-11T20:53:45.453953
EMP-0050,WFM_Forecasting,Senior_Engineer,0.4845994726645999,0.0016486097026556356,7,0.030976994101886146,0.7,0.48143073330667413,2026-07-19T20:53:45.453953
EMP-0050,RTA_Adherence,Senior_Engineer,0.360642267464714,0.0015290883299446736,13,0.16685819761150422,0.7,0.6769141814426979,2026-07-13T20:53:45.453953
EMP-0050,Churn_Analysis,Senior_Engineer,0.8337058936139433,0.0011223563574663184,9,0.2732211734771044,0.7,0.26923400240061934,2026-07-17T20:53:45.453953
EMP-0051,Python,Ops_Manager,0.5063717082795938,-0.0006979316020129956,3,0.4512411753076173,0.9,0.7401868274346047,2026-07-23T20:53:45.453953
EMP-0051,FastAPI,Ops_Manager,0.826218537254712,0.0035577043821983945,25,0.7627571579905728,0.9,0.4484289102746226,2026-07-01T20:53:45.453953
EMP-0051,WFM_Forecasting,Ops_Manager,0.5562269265075866,-0.0013881827566614973,5,0.3732656169370422,0.9,0.6720513646607793,2026-07-21T20:53:45.453953
EMP-0051,RTA_Adherence,Ops_Manager,0.8554545808244121,0.0033468264833760083,22,0.5452333073296941,0.9,0.31675727833915474,2026-07-04T20:53:45.453953
EMP-0051,Churn_Analysis,Ops_Manager,1.0,0.006342111998538029,12,0.35214667172273173,0.9,0.0,2026-07-14T20:53:45.453953
EMP-0052,Python,Ops_Manager,1.0,0.01968912146316023,17,0.811690047996135,0.9,0.0,2026-07-09T20:53:45.453953
EMP-0052,FastAPI,Ops_Manager,1.0,0.009818142547319787,23,0.966847642461348,0.9,0.18887954481108044,2026-07-03T20:53:45.453953
EMP-0052,WFM_Forecasting,Ops_Manager,0.0,-0.005312087281937458,9,0.913425585470036,0.9,1.616075411193142,2026-07-17T20:53:45.453953
EMP-0052,RTA_Adherence,Ops_Manager,1.0,0.008438777194141761,26,0.4604081961904585,0.9,0.0,2026-06-30T20:53:45.453953
EMP-0052,Churn_Analysis,Ops_Manager,0.2787120849991286,0.000549061543275272,7,0.39826657802045884,0.9,0.9039493577128427,2026-07-19T20:53:45.453953
EMP-0053,Python,Ops_Manager,1.0,0.011490010224465998,28,0.5426655518095582,0.9,0.0,2026-06-28T20:53:45.453953
EMP-0053,FastAPI,Ops_Manager,0.9837688570991041,0.00504013224697859,24,0.550783918857576,0.9,0.1404191349203262,2026-07-02T20:53:45.453953
EMP-0053,WFM_Forecasting,Ops_Manager,0.0,-0.009480516001710017,10,0.19973701033124658,0.9,1.384283985216924,2026-07-16T20:53:45.453953
EMP-0053,RTA_Adherence,Ops_Manager,1.0,0.012373359525500312,9,0.5859972239844463,0.9,0.0,2026-07-17T20:53:45.453953
EMP-0053,Churn_Analysis,Ops_Manager,0.07122907265391287,-0.007933209803015396,10,0.04724531190513348,0.9,1.1903898773891157,2026-07-16T20:53:45.453953
EMP-0054,Python,Ops_Manager,1.0,0.010410753241726576,20,0.877044198639024,0.9,0.1261995020677147,2026-07-06T20:53:45.453953
EMP-0054,FastAPI,Ops_Manager,0.0,-0.005559800539081765,14,0.3312569016048993,0.9,1.3324224669749027,2026-07-12T20:53:45.453953
EMP-0054,WFM_Forecasting,Ops_Manager,0.8211369993448181,0.0006123655955809718,13,0.23800180689361028,0.9,0.27949293623455784,2026-07-13T20:53:45.453953
EMP-0054,RTA_Adherence,Ops_Manager,0.7600600242590861,0.005341473101838627,22,0.3536893341336358,0.9,0.25654044975257295,2026-07-04T20:53:45.453953
EMP-0054,Churn_Analysis,Ops_Manager,1.0,0.008554268494422755,3,0.4532347658749659,0.9,0.0,2026-07-23T20:53:45.453953
EMP-0055,Python,Junior_Engineer,1.0,0.010344996349441414,10,0.3311597103854017,0.3,0.0,2026-07-16T20:53:45.453953
EMP-0055,FastAPI,Junior_Engineer,0.301500683243142,-0.004127330712958786,6,0.34187278654355713,0.3,0.9932556314174001,2026-07-20T20:53:45.453953
EMP-0055,WFM_Forecasting,Junior_Engineer,0.9030178947220794,0.004071244124989826,19,0.15507659898027815,0.3,0.05238308101836481,2026-07-07T20:53:45.453953
EMP-0055,RTA_Adherence,Junior_Engineer,0.20945261696258188,-0.005652427281743217,20,0.48941895831336313,0.3,1.2048296806463963,2026-07-06T20:53:45.453953
EMP-0055,Churn_Analysis,Junior_Engineer,1.0,0.008881877774027725,20,0.26370723790547757,0.3,0.0,2026-07-06T20:53:45.453953
EMP-0056,Python,Ops_Manager,1.0,0.010960765784657564,19,0.3333212937830068,0.9,0.0,2026-07-07T20:53:45.453953
EMP-0056,FastAPI,Ops_Manager,0.5084113982278877,0.0032320143309638397,1,0.26296690478256923,0.9,0.5261116242344817,2026-07-25T20:53:45.453953
EMP-0056,WFM_Forecasting,Ops_Manager,0.05963440797915076,-0.008171866756924112,1,0.5376589665636974,0.9,1.4543510780104214,2026-07-25T20:53:45.453953
EMP-0056,RTA_Adherence,Ops_Manager,0.9627753603786452,0.0028997295518765117,8,0.7446131691345912,0.9,0.322539337632355,2026-07-18T20:53:45.453953
EMP-0056,Churn_Analysis,Ops_Manager,1.0,0.018553912940624015,18,0.7755773143227532,0.9,0.0,2026-07-08T20:53:45.453953
EMP-0057,Python,Ops_Manager,1.0,0.01197809532071367,28,0.7273650654773531,0.9,0.004339673117266463,2026-06-28T20:53:45.453953
EMP-0057,FastAPI,Ops_Manager,1.0,0.01503705770110035,11,0.9902486225673074,0.9,0.044012580250643085,2026-07-15T20:53:45.453953
EMP-0057,WFM_Forecasting,Ops_Manager,0.952469361537283,0.006650052536309443,28,0.8795392803349275,0.9,0.2877987025408974,2026-06-28T20:53:45.453953
EMP-0057,RTA_Adherence,Ops_Manager,0.4631185966810004,-0.0009801415528362112,18,0.9170047890093272,0.9,1.0247880444087496,2026-07-08T20:53:45.453953
EMP-0057,Churn_Analysis,Ops_Manager,1.0,0.01919110137839824,10,0.24271150531504482,0.9,0.0,2026-07-16T20:53:45.453953
EMP-0058,Python,Ops_Manager,0.5070650148753237,-0.00011767398441644983,22,0.5980416759342075,0.9,0.7954860426242736,2026-07-04T20:53:45.453953
EMP-0058,FastAPI,Ops_Manager,0.0,-0.009579479226347621,8,0.10137441876105036,0.9,1.3380715861709538,2026-07-18T20:53:45.453953
EMP-0058,WFM_Forecasting,Ops_Manager,1.0,0.010343540679837513,1,0.2068811306322984,0.9,0.0,2026-07-25T20:53:45.453953
EMP-0058,RTA_Adherence,Ops_Manager,0.22177877601157864,-0.002961074559431542,29,0.6258537800702827,0.9,1.179980350806509,2026-06-27T20:53:45.453953
EMP-0058,Churn_Analysis,Ops_Manager,1.0,0.018431747530754945,18,0.5227992189884372,0.9,0.0,2026-07-08T20:53:45.453953
EMP-0059,Python,Junior_Engineer,0.8337550701088794,0.004751015035577573,6,0.648637376918462,0.3,0.3480331672830244,2026-07-20T20:53:45.453953
EMP-0059,FastAPI,Junior_Engineer,0.0,-0.007629679754254496,16,0.24931277104565863,0.3,1.3535467781504642,2026-07-10T20:53:45.453953
EMP-0059,WFM_Forecasting,Junior_Engineer,0.9287517814984984,0.0041374646100687355,21,0.06358883530624015,0.3,0.0,2026-07-05T20:53:45.453953
EMP-0059,RTA_Adherence,Junior_Engineer,0.8746947078375986,0.0027971961224493355,7,0.09654462557232457,0.3,0.08966172127508365,2026-07-19T20:53:45.453953
EMP-0059,Churn_Analysis,Junior_Engineer,0.22650133616385792,-0.002318227230032414,22,0.8793975125069183,0.3,1.2827442369905737,2026-07-04T20:53:45.453953
EMP-0060,Python,Ops_Manager,0.28024364165314697,-0.002169917058938379,21,0.633857536479875,0.9,1.1017826383549418,2026-07-05T20:53:45.453953
EMP-0060,FastAPI,Ops_Manager,0.14259063099102365,-0.004130311852375574,2,0.12661394069969722,0.9,1.0446256949300923,2026-07-24T20:53:45.453953
EMP-0060,WFM_Forecasting,Ops_Manager,1.0,0.01848009292457558,14,0.3547653075890693,0.9,0.0,2026-07-12T20:53:45.453953
EMP-0060,RTA_Adherence,Ops_Manager,1.0,0.009491777991943595,21,0.36330893621990823,0.9,0.0,2026-07-05T20:53:45.453953
EMP-0060,Churn_Analysis,Ops_Manager,1.0,0.01217639715431808,19,0.6825353248677619,0.9,0.0,2026-07-07T20:53:45.453953
EMP-0061,Python,Senior_Engineer,0.6168981146191523,0.00272542352190875,16,0.2010832875196894,0.7,0.40188082348342985,2026-07-10T20:53:45.453953
EMP-0061,FastAPI,Senior_Engineer,0.0,-0.006373630844043887,22,0.3898214473134538,0.7,1.3861196489780434,2026-07-04T20:53:45.453953
EMP-0061,WFM_Forecasting,Senior_Engineer,1.0,0.019258615562615496,13,0.11331613739403856,0.7,0.0,2026-07-13T20:53:45.453953
EMP-0061,RTA_Adherence,Senior_Engineer,1.0,0.014735963446925458,13,0.9398863941652625,0.7,0.02786429367486759,2026-07-13T20:53:45.453953
EMP-0061,Churn_Analysis,Senior_Engineer,1.0,0.006408219737975443,11,0.026734248940326277,0.7,0.0,2026-07-15T20:53:45.453953
EMP-0062,Python,Senior_Engineer,0.4607227184124647,-0.0023391900048798445,2,0.4865879205064829,0.7,0.8527469419871722,2026-07-24T20:53:45.453953
EMP-0062,FastAPI,Senior_Engineer,1.0,0.01823658930221455,22,0.8109492698340887,0.7,0.0,2026-07-04T20:53:45.453953
EMP-0062,WFM_Forecasting,Senior_Engineer,0.0,-0.00819834195070198,6,0.14620536027016884,0.7,1.3190529386561438,2026-07-20T20:53:45.453953
EMP-0062,RTA_Adherence,Senior_Engineer,0.9796727377179304,0.0035182557725697873,8,0.12180160538233453,0.7,0.0,2026-07-18T20:53:45.453953
EMP-0062,Churn_Analysis,Senior_Engineer,1.0,0.015046549505132943,18,0.5819793405792965,0.7,0.0,2026-07-08T20:53:45.453953
EMP-0063,Python,Senior_Engineer,1.0,0.014761635822728972,3,0.10922561885936288,0.7,0.0,2026-07-23T20:53:45.453953
EMP-0063,FastAPI,Senior_Engineer,1.0,0.0031735605894165544,16,0.7047241384263028,0.7,0.25715525153065466,2026-07-10T20:53:45.453953
EMP-0063,WFM_Forecasting,Senior_Engineer,0.07104131943053227,-0.006175191016798594,11,0.1566123798711122,0.7,1.1925206010089817,2026-07-15T20:53:45.453953
EMP-0063,RTA_Adherence,Senior_Engineer,1.0,0.00993172522951422,7,0.6468489755999716,0.7,0.02547273091455915,2026-07-19T20:53:45.453953
EMP-0063,Churn_Analysis,Senior_Engineer,1.0,0.005896445877089004,6,0.034909895937760504,0.7,0.0,2026-07-20T20:53:45.453953
EMP-0064,Python,Junior_Engineer,0.3060210063245691,-0.005192896940565517,26,0.270093974170561,0.3,0.9848128889776769,2026-06-30T20:53:45.453953
EMP-0064,FastAPI,Junior_Engineer,0.9647533420112177,0.004075446321818709,17,0.3465860772290542,0.3,0.08627630694874827,2026-07-09T20:53:45.453953
EMP-0064,WFM_Forecasting,Junior_Engineer,1.0,0.010531028465641292,13,0.8223551634328558,0.3,0.09524672774718917,2026-07-13T20:53:45.453953
EMP-0064,RTA_Adherence,Junior_Engineer,1.0,0.016094083310839224,10,0.07968493925913733,0.3,0.0,2026-07-16T20:53:45.453953
EMP-0064,Churn_Analysis,Junior_Engineer,0.0,-0.008698011265149064,25,0.7576739340329348,0.3,1.6397773049709392,2026-07-01T20:53:45.453953
EMP-0065,Python,Senior_Engineer,0.2724585068496568,-0.005766869602405242,19,0.21583863105655132,0.7,1.0084668967507762,2026-07-07T20:53:45.453953
EMP-0065,FastAPI,Senior_Engineer,1.0,0.012224924839191064,26,0.21353108254766295,0.7,0.0,2026-06-30T20:53:45.453953
EMP-0065,WFM_Forecasting,Senior_Engineer,0.9021271834409705,0.007310826797009113,28,0.08933803344610103,0.7,0.0,2026-06-28T20:53:45.453953
EMP-0065,RTA_Adherence,Senior_Engineer,0.28171562862834537,-0.005470069538970255,21,0.7037623624507962,0.7,1.2342676387661604,2026-07-05T20:53:45.453953
EMP-0065,Churn_Analysis,Senior_Engineer,0.7750668747627427,0.0025433708840365034,1,0.8000653243848679,0.7,0.5486646609085961,2026-07-25T20:53:45.453953
EMP-0066,Python,Junior_Engineer,1.0,0.007511034785708437,5,0.5588786114391819,0.3,0.05410826214833797,2026-07-21T20:53:45.453953
EMP-0066,FastAPI,Junior_Engineer,1.0,0.01093480577460699,1,0.7289123761225261,0.3,0.036412014823053285,2026-07-25T20:53:45.453953
EMP-0066,WFM_Forecasting,Junior_Engineer,1.0,0.007056505975324407,2,0.21203252028810327,0.3,0.0,2026-07-24T20:53:45.453953
EMP-0066,RTA_Adherence,Junior_Engineer,1.0,0.006582811040479817,4,0.4095030074654391,0.3,0.0072671725183249825,2026-07-22T20:53:45.453953
EMP-0066,Churn_Analysis,Junior_Engineer,0.48972817205726826,-0.0033192489696458665,11,0.19282909899093315,0.3,0.7062638465275742,2026-07-15T20:53:45.453953
EMP-0067,Python,Junior_Engineer,1.0,0.006670133940157594,14,0.08357626781470251,0.3,0.0,2026-07-12T20:53:45.453953
EMP-0067,FastAPI,Junior_Engineer,1.0,0.011272700154181086,4,0.3677115409910644,0.3,0.0,2026-07-22T20:53:45.453953
EMP-0067,WFM_Forecasting,Junior_Engineer,1.0,0.015516374524402085,23,0.3563763714421282,0.3,0.0,2026-07-03T20:53:45.453953
EMP-0067,RTA_Adherence,Junior_Engineer,1.0,0.007252728159135828,25,0.7973962104128173,0.3,0.18111626043233392,2026-07-01T20:53:45.453953
EMP-0067,Churn_Analysis,Junior_Engineer,1.0,0.009740991978668937,26,0.23391090406067294,0.3,0.0,2026-06-30T20:53:45.453953
EMP-0068,Python,Ops_Manager,0.32095881948014204,-0.0015512994243481511,29,0.47745893631508085,0.9,0.964309631407843,2026-06-27T20:53:45.453953
EMP-0068,FastAPI,Ops_Manager,0.9008693414492609,0.007264171717462785,12,0.2843865951627189,0.9,0.023398804608215085,2026-07-14T20:53:45.453953
EMP-0068,WFM_Forecasting,Ops_Manager,1.0,0.016354619037561503,18,0.5380252006144517,0.9,0.0,2026-07-08T20:53:45.453953
EMP-0068,RTA_Adherence,Ops_Manager,1.0,0.013106233682383799,11,0.12221465282736954,0.9,0.0,2026-07-15T20:53:45.453953
EMP-0068,Churn_Analysis,Ops_Manager,0.8665798857818134,0.0065492462382800345,13,0.5280707347430835,0.9,0.2009780944413272,2026-07-13T20:53:45.453953
EMP-0069,Python,Senior_Engineer,1.0,0.014707929876336947,26,0.4543397673409759,0.7,0.0,2026-06-30T20:53:45.453953
EMP-0069,FastAPI,Senior_Engineer,0.058894354468482235,-0.006285366874977964,10,0.5456101129280249,0.7,1.4024717082448692,2026-07-16T20:53:45.453953
EMP-0069,WFM_Forecasting,Senior_Engineer,0.07998582234371387,-0.0070854304053805375,11,0.3766073285805852,0.7,1.320880754107995,2026-07-15T20:53:45.453953
EMP-0069,RTA_Adherence,Senior_Engineer,1.0,0.018951402046066795,25,0.5807299617561861,0.7,0.0,2026-07-01T20:53:45.453953
EMP-0069,Churn_Analysis,Senior_Engineer,0.4172983015067169,-0.0015482851767600492,19,0.4049260616171644,0.7,0.8316132846046668,2026-07-07T20:53:45.453953
EMP-0070,Python,Ops_Manager,0.6441716529655831,0.0037534102664102675,21,0.3397534200660802,0.9,0.41310274907514893,2026-07-05T20:53:45.453953
EMP-0070,FastAPI,Ops_Manager,1.0,0.018704396458822513,8,0.4028926432674441,0.9,0.0,2026-07-18T20:53:45.453953
EMP-0070,WFM_Forecasting,Ops_Manager,0.0,-0.007081416897232378,18,0.5914831904836108,0.9,1.5081841021587767,2026-07-08T20:53:45.453953
EMP-0070,RTA_Adherence,Ops_Manager,1.0,0.01143622089273475,20,0.15875799053929718,0.9,0.0,2026-07-06T20:53:45.453953
EMP-0070,Churn_Analysis,Ops_Manager,1.0,0.007651843844443363,3,0.8071350257104833,0.9,0.17401219752194091,2026-07-23T20:53:45.453953
EMP-0071,Python,Ops_Manager,0.8740389752929756,0.003172212620836508,1,0.6835437802180139,0.9,0.3725665361909361,2026-07-25T20:53:45.453953
EMP-0071,FastAPI,Ops_Manager,0.04212351943359993,-0.0071617065375434745,5,0.5073457551573272,0.9,1.426400554271368,2026-07-21T20:53:45.453953
EMP-0071,WFM_Forecasting,Ops_Manager,0.49702780589976125,-0.0018426631764461143,21,0.42785936777388245,0.9,0.7721817732805634,2026-07-05T20:53:45.453953
EMP-0071,RTA_Adherence,Ops_Manager,0.8439158236218469,0.0007559512964125416,13,0.21827829908174512,0.9,0.2425447870266494,2026-07-13T20:53:45.453953
EMP-0071,Churn_Analysis,Ops_Manager,1.0,0.016074684846933793,7,0.6127315508442163,0.9,0.0,2026-07-19T20:53:45.453953
EMP-0072,Python,Junior_Engineer,1.0,0.014258551292502178,25,0.12652274012084708,0.3,0.0,2026-07-01T20:53:45.453953
EMP-0072,FastAPI,Junior_Engineer,1.0,0.010481355402781308,15,0.04084350006131943,0.3,0.0,2026-07-11T20:53:45.453953
EMP-0072,WFM_Forecasting,Junior_Engineer,0.26286737367098295,-0.004025363033209516,21,0.25059499249315353,0.3,0.9831910135718793,2026-07-05T20:53:45.453953
EMP-0072,RTA_Adherence,Junior_Engineer,0.0,-0.005803817890896819,15,0.782356179077692,0.3,1.5652926262657505,2026-07-11T20:53:45.453953
EMP-0072,Churn_Analysis,Junior_Engineer,0.0,-0.009238420618896527,3,0.24158799312228862,0.3,1.3979466151280402,2026-07-23T20:53:45.453953
EMP-0073,Python,Senior_Engineer,1.0,0.012220454972025311,2,0.17318263727950378,0.7,0.0,2026-07-24T20:53:45.453953
EMP-0073,FastAPI,Senior_Engineer,0.0,-0.004227606239968349,2,0.32738637753254574,0.7,1.2905213759653233,2026-07-24T20:53:45.453953
EMP-0073,WFM_Forecasting,Senior_Engineer,1.0,0.013812231830917588,2,0.8079626573289176,0.7,0.0,2026-07-24T20:53:45.453953
EMP-0073,RTA_Adherence,Senior_Engineer,0.5231731858612603,-0.0016032955215297233,18,0.8698950300306869,0.7,0.9598731947999749,2026-07-08T20:53:45.453953
EMP-0073,Churn_Analysis,Senior_Engineer,1.0,0.008419657001206062,22,0.40263015835095084,0.7,0.0,2026-07-04T20:53:45.453953
EMP-0074,Python,Senior_Engineer,1.0,0.014696225098470872,1,0.5594492781033924,0.7,0.0,2026-07-25T20:53:45.453953
EMP-0074,FastAPI,Senior_Engineer,0.26319367837175295,-0.0032828336365674044,2,0.345323904076942,0.7,1.00795328276374,2026-07-24T20:53:45.453953
EMP-0074,WFM_Forecasting,Senior_Engineer,0.0,-0.009586768276498495,18,0.07625693841582926,0.7,1.3257315175028697,2026-07-08T20:53:45.453953
EMP-0074,RTA_Adherence,Senior_Engineer,0.769763505483158,0.0031424629405085776,10,0.5318182498107336,0.7,0.4018717312069515,2026-07-16T20:53:45.453953
EMP-0074,Churn_Analysis,Senior_Engineer,1.0,0.006402056632335515,24,0.830264462250489,0.7,0.22307053215517908,2026-07-02T20:53:45.453953
EMP-0075,Python,Junior_Engineer,1.0,0.015416518294826808,29,0.7506218793365049,0.3,0.0,2026-06-27T20:53:45.453953
EMP-0075,FastAPI,Junior_Engineer,1.0,0.012505029810557974,7,0.15238550908553938,0.3,0.0,2026-07-19T20:53:45.453953
EMP-0075,WFM_Forecasting,Junior_Engineer,0.8461073870685696,0.002897308595772887,5,0.36616164683375463,0.3,0.2500541784751212,2026-07-21T20:53:45.453953
EMP-0075,RTA_Adherence,Junior_Engineer,0.4642694586661784,-0.0005692427695848656,18,0.5745195981332689,0.3,0.840067623488002,2026-07-08T20:53:45.453953
EMP-0075,Churn_Analysis,Junior_Engineer,0.7253802053138727,0.003211809132911912,29,0.3353976465783609,0.3,0.34596434398795045,2026-06-27T20:53:45.453953
EMP-0076,Python,Junior_Engineer,1.0,0.010503198282329982,10,0.478166362349113,0.3,0.0,2026-07-16T20:53:45.453953
EMP-0076,FastAPI,Junior_Engineer,1.0,0.015424650022795175,18,0.06458338619634185,0.3,0.0,2026-07-08T20:53:45.453953
EMP-0076,WFM_Forecasting,Junior_Engineer,0.0,-0.007635153156072745,11,0.6118860433778078,0.3,1.5349976163710861,2026-07-15T20:53:45.453953
EMP-0076,RTA_Adherence,Junior_Engineer,0.515603967466644,0.00027557743873832946,26,0.060476122398210985,0.3,0.5063667705703117,2026-06-30T20:53:45.453953
EMP-0076,Churn_Analysis,Junior_Engineer,0.21121203326254134,-0.005415533849001101,8,0.054444359467079706,0.3,0.9784761619410316,2026-07-18T20:53:45.453953
EMP-0077,Python,Ops_Manager,0.4218729634715335,-0.00065467668331496,1,0.8269406782200294,0.9,1.01123767613793,2026-07-25T20:53:45.453953
EMP-0077,FastAPI,Ops_Manager,1.0,0.016590376354480962,3,0.6368754306925617,0.9,0.0,2026-07-23T20:53:45.453953
EMP-0077,WFM_Forecasting,Ops_Manager,0.6026651407431202,0.0009592609899400518,12,0.0184795940231941,0.9,0.37779682657027536,2026-07-14T20:53:45.453953
EMP-0077,RTA_Adherence,Ops_Manager,1.0,0.014372590214912781,23,0.7112340726115977,0.9,0.0,2026-07-03T20:53:45.453953
EMP-0077,Churn_Analysis,Ops_Manager,1.0,0.009139792847765527,4,0.05251421305526138,0.9,0.0,2026-07-22T20:53:45.453953
EMP-0078,Python,Ops_Manager,0.982397779581982,0.004092275586445331,21,0.6900891875016545,0.9,0.2398785465754853,2026-07-05T20:53:45.453953
EMP-0078,FastAPI,Ops_Manager,0.0,-0.0064253255982540695,26,0.2864257356570318,0.9,1.335972635776138,2026-06-30T20:53:45.453953
EMP-0078,WFM_Forecasting,Ops_Manager,0.3850231615899866,0.000502874437777549,22,0.26939547546918297,0.9,0.7345883430112784,2026-07-04T20:53:45.453953
EMP-0078,RTA_Adherence,Ops_Manager,1.0,0.008867614559452378,8,0.7059807893101855,0.9,0.08696195787152128,2026-07-18T20:53:45.453953
EMP-0078,Churn_Analysis,Ops_Manager,1.0,0.012378896203198408,19,0.026190392752891145,0.9,0.0,2026-07-07T20:53:45.453953
EMP-0079,Python,Junior_Engineer,0.612908959430982,0.0009248948918329052,28,0.024584972654074222,0.3,0.37163668014106793,2026-06-28T20:53:45.453953
EMP-0079,FastAPI,Junior_Engineer,0.38916081217830734,-0.001742506630029006,18,0.050323258880528354,0.3,0.688276016162827,2026-07-08T20:53:45.453953
EMP-0079,WFM_Forecasting,Junior_Engineer,0.9232693013459032,0.0035429574134803257,19,0.03585505131146105,0.3,0.0,2026-07-07T20:53:45.453953
EMP-0079,RTA_Adherence,Junior_Engineer,0.0,-0.007381622667919637,2,0.12817639271298198,0.3,1.28553687639408,2026-07-24T20:53:45.453953
EMP-0079,Churn_Analysis,Junior_Engineer,0.22005848744898932,-0.0032886799603480408,20,0.47647678568742036,0.3,1.1168403042051622,2026-07-06T20:53:45.453953
EMP-0080,Python,Junior_Engineer,0.0,-0.0042182289734631045,20,0.09284583574663285,0.3,1.1729697870772096,2026-07-06T20:53:45.453953
EMP-0080,FastAPI,Junior_Engineer,0.19608789936591337,-0.005276904024681025,21,0.6232098114826471,0.3,1.273824127115841,2026-07-05T20:53:45.453953
EMP-0080,WFM_Forecasting,Junior_Engineer,1.0,0.01889732275684932,27,0.0808163184793711,0.3,0.0,2026-06-29T20:53:45.453953
EMP-0080,RTA_Adherence,Junior_Engineer,0.3058470696192361,-0.0005871745783791269,2,0.4121380616488154,0.3,0.9178371985565454,2026-07-24T20:53:45.453953
EMP-0080,Churn_Analysis,Junior_Engineer,0.46615320594735843,0.0018187757599649624,20,0.7571651877835723,0.3,0.8578661151454788,2026-07-06T20:53:45.453953
EMP-0081,Python,Ops_Manager,0.33877656681233914,-0.004717705349001122,8,0.018447243889767262,0.9,0.8119782156025781,2026-07-18T20:53:45.453953
EMP-0081,FastAPI,Ops_Manager,0.4278746587976042,0.0024313796736528497,13,0.7277775246512274,0.9,0.863072713318424,2026-07-13T20:53:45.453953
EMP-0081,WFM_Forecasting,Ops_Manager,0.07446370081503478,-0.005425502079255992,7,0.7022113442378082,0.9,1.439407033681549,2026-07-19T20:53:45.453953
EMP-0081,RTA_Adherence,Ops_Manager,1.0,0.012124730665610253,9,0.4952777524722437,0.9,0.0,2026-07-17T20:53:45.453953
EMP-0081,Churn_Analysis,Ops_Manager,0.0,-0.008241581533675348,7,0.8767168777337597,0.9,1.6856058848771402,2026-07-19T20:53:45.453953
EMP-0082,Python,Senior_Engineer,1.0,0.013259072504658404,19,0.7610599589975742,0.7,0.0,2026-07-07T20:53:45.453953
EMP-0082,FastAPI,Senior_Engineer,1.0,0.018666955080732517,17,0.11048407464037491,0.7,0.0,2026-07-09T20:53:45.453953
EMP-0082,WFM_Forecasting,Senior_Engineer,0.0,-0.00779516403091601,27,0.4992804922634183,0.7,1.4834951670591894,2026-06-29T20:53:45.453953
EMP-0082,RTA_Adherence,Senior_Engineer,1.0,0.004680780469086021,24,0.11393099918067995,0.7,0.0,2026-07-02T20:53:45.453953
EMP-0082,Churn_Analysis,Senior_Engineer,0.04412903770400611,-0.005005467917271883,9,0.5317864792931121,0.7,1.3719282394607064,2026-07-17T20:53:45.453953
EMP-0083,Python,Senior_Engineer,1.0,0.010245572659104288,9,0.30822314040396137,0.7,0.0,2026-07-17T20:53:45.453953
EMP-0083,FastAPI,Senior_Engineer,0.0,-0.009291403272652116,24,0.1544498289735604,0.7,1.3559670126663437,2026-07-02T20:53:45.453953
EMP-0083,WFM_Forecasting,Senior_Engineer,1.0,0.019362039944700475,3,0.09919891788644708,0.7,0.0,2026-07-23T20:53:45.453953
EMP-0083,RTA_Adherence,Senior_Engineer,0.8572567291662314,0.0017284078439659262,25,0.019828061488791238,0.7,0.10080506625918645,2026-07-01T20:53:45.453953
EMP-0083,Churn_Analysis,Senior_Engineer,0.2594768731395679,0.0002449828569698314,13,0.3456470824213169,0.7,0.9059971823619957,2026-07-13T20:53:45.453953
EMP-0084,Python,Ops_Manager,1.0,0.007422919373819092,8,0.4537455411296505,0.9,0.004185189350252472,2026-07-18T20:53:45.453953
EMP-0084,FastAPI,Ops_Manager,1.0,0.015679358613873505,2,0.5862971227792716,0.9,0.0,2026-07-24T20:53:45.453953
EMP-0084,WFM_Forecasting,Ops_Manager,0.4405337730080945,-0.00248645055159714,18,0.7353050714781344,0.9,1.0017122792788868,2026-07-08T20:53:45.453953
EMP-0084,RTA_Adherence,Ops_Manager,0.0,-0.006390916559090952,11,0.382793531954176,0.9,1.3831242627498166,2026-07-15T20:53:45.453953
EMP-0084,Churn_Analysis,Ops_Manager,1.0,0.01865976750849222,2,0.3014204369151947,0.9,0.0,2026-07-24T20:53:45.453953
EMP-0085,Python,Senior_Engineer,0.0,-0.007504802585488584,26,0.006928286909754222,0.7,1.2286082210195346,2026-06-30T20:53:45.453953
EMP-0085,FastAPI,Senior_Engineer,1.0,0.011858442852071079,16,0.5770883605473333,0.7,0.0,2026-07-10T20:53:45.453953
EMP-0085,WFM_Forecasting,Senior_Engineer,1.0,0.01752923472117362,5,0.27202632361228163,0.7,0.0,2026-07-21T20:53:45.453953
EMP-0085,RTA_Adherence,Senior_Engineer,0.864685298330277,0.0027443529920356032,8,0.7212378010645208,0.7,0.41360301244091535,2026-07-18T20:53:45.453953
EMP-0085,Churn_Analysis,Senior_Engineer,1.0,0.008042615602197644,25,0.4272019675889719,0.7,0.0,2026-07-01T20:53:45.453953
EMP-0086,Python,Senior_Engineer,1.0,0.014548568863208789,22,0.41986420028549865,0.7,0.0,2026-07-04T20:53:45.453953
EMP-0086,FastAPI,Senior_Engineer,1.0,0.018191195858272856,3,0.038840045757087216,0.7,0.0,2026-07-23T20:53:45.453953
EMP-0086,WFM_Forecasting,Senior_Engineer,1.0,0.0069195208341058505,19,0.23533579089767453,0.7,0.0,2026-07-07T20:53:45.453953
EMP-0086,RTA_Adherence,Senior_Engineer,0.40541878759609684,0.0015998557878577294,11,0.06936987665899963,0.7,0.5812704770976711,2026-07-15T20:53:45.453953
EMP-0086,Churn_Analysis,Senior_Engineer,1.0,0.01228534873533108,13,0.5122218233819732,0.7,0.0,2026-07-13T20:53:45.453953
EMP-0087,Python,Ops_Manager,1.0,0.019489881738398815,6,0.2555017907708348,0.9,0.0,2026-07-20T20:53:45.453953
EMP-0087,FastAPI,Ops_Manager,0.0,-0.008670716816867017,28,0.9645719778370482,0.9,1.7424074934245346,2026-06-28T20:53:45.453953
EMP-0087,WFM_Forecasting,Ops_Manager,0.5067505772757805,1.2143995335028857e-07,1,0.09170314319898554,0.9,0.5390973511251118,2026-07-25T20:53:45.453953
EMP-0087,RTA_Adherence,Ops_Manager,1.0,0.005741476382453868,29,0.5151417898421545,0.9,0.08532660344746129,2026-06-27T20:53:45.453953
EMP-0087,Churn_Analysis,Ops_Manager,1.0,0.004037663877390749,15,0.9974593176450351,0.9,0.37759974250079503,2026-07-11T20:53:45.453953
EMP-0088,Python,Ops_Manager,0.0,-0.006793086826339546,1,0.9025579640472656,0.9,1.6550715868138193,2026-07-25T20:53:45.453953
EMP-0088,FastAPI,Ops_Manager,1.0,0.013538408882459893,3,0.723580224357542,0.9,0.0,2026-07-23T20:53:45.453953
EMP-0088,WFM_Forecasting,Ops_Manager,1.0,0.016327766250386025,21,0.46437509758188056,0.9,0.0,2026-07-05T20:53:45.453953
EMP-0088,RTA_Adherence,Ops_Manager,1.0,0.012135062943801638,2,0.4148275609839387,0.9,0.0,2026-07-24T20:53:45.453953
EMP-0088,Churn_Analysis,Ops_Manager,1.0,0.012259647281786372,15,0.13845791260047768,0.9,0.0,2026-07-11T20:53:45.453953
EMP-0089,Python,Ops_Manager,0.6049150585993542,0.0036982950962181835,6,0.05189235048083818,0.9,0.3100822637545193,2026-07-20T20:53:45.453953
EMP-0089,FastAPI,Ops_Manager,0.40535175088904907,-0.0013050765156955788,29,0.119105185002773,0.9,0.6933531370832047,2026-06-27T20:53:45.453953
EMP-0089,WFM_Forecasting,Ops_Manager,1.0,0.006792660679922751,11,0.959831868567565,0.9,0.2761361138860999,2026-07-15T20:53:45.453953
EMP-0089,RTA_Adherence,Ops_Manager,1.0,0.007803173392886395,15,0.7122742089997299,0.9,0.12204190271327314,2026-07-11T20:53:45.453953
EMP-0089,Churn_Analysis,Ops_Manager,1.0,0.01154233501855713,18,0.44517931170459935,0.9,0.0,2026-07-08T20:53:45.453953
EMP-0090,Python,Junior_Engineer,1.0,0.012758456360578903,15,0.8033750287423871,0.3,0.018933823553826556,2026-07-11T20:53:45.453953
EMP-0090,FastAPI,Junior_Engineer,0.1604607020346071,-0.0037497521352270963,6,0.6227084349952179,0.3,1.2633860795198149,2026-07-20T20:53:45.453953
EMP-0090,WFM_Forecasting,Junior_Engineer,1.0,0.01708383061183251,13,0.8731110523016004,0.3,0.0,2026-07-13T20:53:45.453953
EMP-0090,RTA_Adherence,Junior_Engineer,0.7672150387140294,0.0025801812036046635,28,0.1521292368480771,0.3,0.23144414360186927,2026-06-28T20:53:45.453953
EMP-0090,Churn_Analysis,Junior_Engineer,1.0,0.008521227296134503,3,0.4895840274969794,0.3,0.0,2026-07-23T20:53:45.453953
EMP-0091,Python,Junior_Engineer,1.0,0.010875699700572028,23,0.9798249668835795,0.3,0.1636414924246289,2026-07-03T20:53:45.453953
EMP-0091,FastAPI,Junior_Engineer,1.0,0.017932444581273868,13,0.009875786371180917,0.3,0.0,2026-07-13T20:53:45.453953
EMP-0091,WFM_Forecasting,Junior_Engineer,1.0,0.011748490123468609,13,0.8507649644059021,0.3,0.07292777849889265,2026-07-13T20:53:45.453953
EMP-0091,RTA_Adherence,Junior_Engineer,0.9141364272917196,0.004301976011045374,17,0.808174333548232,0.3,0.3608914591510351,2026-07-09T20:53:45.453953
EMP-0091,Churn_Analysis,Junior_Engineer,0.9942367146057476,0.005455887260400057,26,0.7980388910346011,0.3,0.24110611309955127,2026-06-30T20:53:45.453953
EMP-0092,Python,Ops_Manager,0.3676978647122608,-0.0006935410636020392,29,0.6433968293655667,0.9,0.9748067818785838,2026-06-27T20:53:45.453953
EMP-0092,FastAPI,Ops_Manager,0.9415246905918107,0.0038523841172394685,10,0.11853413072993457,0.9,0.0021708512559724946,2026-07-16T20:53:45.453953
EMP-0092,WFM_Forecasting,Ops_Manager,0.5657121045100288,0.001965112306203807,13,0.26494515673570096,0.9,0.5078071046717074,2026-07-13T20:53:45.453953
EMP-0092,RTA_Adherence,Ops_Manager,0.6570212187349318,0.002936424544824968,4,0.08630401878637062,0.9,0.2980380543135045,2026-07-22T20:53:45.453953
EMP-0092,Churn_Analysis,Ops_Manager,0.6552011908321046,0.0031485460171773415,4,0.12231237965880926,0.9,0.3114986184819798,2026-07-22T20:53:45.453953
EMP-0093,Python,Junior_Engineer,1.0,0.019574577771657484,14,0.03849849194183541,0.3,0.0,2026-07-12T20:53:45.453953
EMP-0093,FastAPI,Junior_Engineer,1.0,0.011496108126905978,7,0.1069121180510576,0.3,0.0,2026-07-19T20:53:45.453953
EMP-0093,WFM_Forecasting,Junior_Engineer,1.0,0.017792582122882518,14,0.09604806971886815,0.3,0.0,2026-07-12T20:53:45.453953
EMP-0093,RTA_Adherence,Junior_Engineer,0.05345119319625796,-0.001721602517477716,6,0.7312551052735202,0.3,1.3638244349648336,2026-07-20T20:53:45.453953
EMP-0093,Churn_Analysis,Junior_Engineer,1.0,0.009598311017952282,22,0.2430941463957168,0.3,0.0,2026-07-04T20:53:45.453953
EMP-0094,Python,Junior_Engineer,0.1465783244661975,-0.0045068315079307255,17,0.7785237166334218,0.3,1.3778884790884351,2026-07-09T20:53:45.453953
EMP-0094,FastAPI,Junior_Engineer,0.9011855551866474,0.003959273578786402,29,0.1843263128874626,0.3,0.07219939389349173,2026-06-27T20:53:45.453953
EMP-0094,WFM_Forecasting,Junior_Engineer,1.0,0.014864789291001846,1,0.3104137175252051,0.3,0.0,2026-07-25T20:53:45.453953
EMP-0094,RTA_Adherence,Junior_Engineer,0.4339937821368337,-0.0017111024350377792,27,0.039454275715245624,0.3,0.6370664287719224,2026-06-29T20:53:45.453953
EMP-0094,Churn_Analysis,Junior_Engineer,1.0,0.005576931027829095,24,0.004785826780460911,0.3,0.0,2026-07-02T20:53:45.453953
EMP-0095,Python,Senior_Engineer,0.7549057298424615,0.004936962841706048,20,0.5371646389547444,0.7,0.3655677043837293,2026-07-06T20:53:45.453953
EMP-0095,FastAPI,Senior_Engineer,0.23884736875122975,-0.0031795874084234784,20,0.6237832604085578,0.7,1.1684318837057535,2026-07-06T20:53:45.453953
EMP-0095,WFM_Forecasting,Senior_Engineer,0.0,-0.009199541039661948,3,0.3038337053376752,0.7,1.4279030838586961,2026-07-23T20:53:45.453953
EMP-0095,RTA_Adherence,Senior_Engineer,0.0,-0.008657027489342963,23,0.47980246141658145,0.7,1.4996120553885794,2026-07-03T20:53:45.453953
EMP-0095,Churn_Analysis,Senior_Engineer,0.4626285975814347,0.0019890144410167395,29,0.8492544154889589,0.7,0.9023281769325426,2026-06-27T20:53:45.453953
EMP-0096,Python,Senior_Engineer,1.0,0.005733257066779575,1,0.4471247208272977,0.7,0.05156464841026154,2026-07-25T20:53:45.453953
EMP-0096,FastAPI,Senior_Engineer,1.0,0.013386289344782422,9,0.1819281974057525,0.7,0.0,2026-07-17T20:53:45.453953
EMP-0096,WFM_Forecasting,Senior_Engineer,0.6070820263242729,-0.002068194086553501,15,0.8595845398206136,0.7,0.884756066182639,2026-07-11T20:53:45.453953
EMP-0096,RTA_Adherence,Senior_Engineer,0.7424042939683606,-6.766844705640568e-05,13,0.11641908813223811,0.7,0.3178353035094506,2026-07-13T20:53:45.453953
EMP-0096,Churn_Analysis,Senior_Engineer,0.5611010257475216,-0.0019283080503238372,6,0.8380046123613841,0.7,0.9157505219428856,2026-07-20T20:53:45.453953
EMP-0097,Python,Junior_Engineer,0.2157599510982121,-0.000754488357240457,6,0.6135969439491166,0.3,1.11367317159356,2026-07-20T20:53:45.453953
EMP-0097,FastAPI,Junior_Engineer,1.0,0.01706114224707951,1,0.8221016698270586,0.3,0.0,2026-07-25T20:53:45.453953
EMP-0097,WFM_Forecasting,Junior_Engineer,0.4306620184808727,0.0019765278965432013,9,0.026714553502221627,0.3,0.5233994213739421,2026-07-17T20:53:45.453953
EMP-0097,RTA_Adherence,Junior_Engineer,0.7087959593636863,0.0012365751254036147,3,0.82919669785161,0.3,0.6687051358000102,2026-07-23T20:53:45.453953
EMP-0097,Churn_Analysis,Junior_Engineer,1.0,0.015517065823199833,13,0.43529079127574355,0.3,0.0,2026-07-13T20:53:45.453953
EMP-0098,Python,Ops_Manager,1.0,0.018820004135570854,19,0.15447873097861275,0.9,0.0,2026-07-07T20:53:45.453953
EMP-0098,FastAPI,Ops_Manager,0.0,-0.009591935769808456,10,0.861280860197002,0.9,1.7183985031927547,2026-07-16T20:53:45.453953
EMP-0098,WFM_Forecasting,Ops_Manager,0.9580490959918143,0.007695152163533862,10,0.20049705247982164,0.9,0.0,2026-07-16T20:53:45.453953
EMP-0098,RTA_Adherence,Ops_Manager,0.18711927218062246,-0.0017915974868546007,4,0.7607555803615748,0.9,1.247006442605803,2026-07-22T20:53:45.453953
EMP-0098,Churn_Analysis,Ops_Manager,1.0,0.010533872785777052,7,0.1672569972961354,0.9,0.0,2026-07-19T20:53:45.453953
EMP-0099,Python,Junior_Engineer,1.0,0.016058826922675448,27,0.43861641924439265,0.3,0.0,2026-06-29T20:53:45.453953
EMP-0099,FastAPI,Junior_Engineer,0.05264078953539031,-0.0064257011092463175,5,0.3424276141042699,0.3,1.311344050794134,2026-07-21T20:53:45.453953
EMP-0099,WFM_Forecasting,Junior_Engineer,0.0,-0.008248459139143235,25,0.9923461604758372,0.3,1.7436268544122155,2026-07-01T20:53:45.453953
EMP-0099,RTA_Adherence,Junior_Engineer,0.8465686727517235,0.00670175277896839,6,0.21846988882383178,0.3,0.06161368829114072,2026-07-20T20:53:45.453953
EMP-0099,Churn_Analysis,Junior_Engineer,1.0,0.01688978660505474,8,0.11009067001903572,0.3,0.0,2026-07-18T20:53:45.453953
EMP-0100,Python,Senior_Engineer,0.23051754513309675,-0.0025932981914595712,11,0.875560571058978,0.7,1.2850616861401793,2026-07-15T20:53:45.453953
EMP-0100,FastAPI,Senior_Engineer,1.0,0.017260525234508634,22,0.15441068709233485,0.7,0.0,2026-07-04T20:53:45.453953
EMP-0100,WFM_Forecasting,Senior_Engineer,1.0,0.015114372353940688,19,0.17040271627903936,0.7,0.0,2026-07-07T20:53:45.453953
EMP-0100,RTA_Adherence,Senior_Engineer,1.0,0.010457194750690851,5,0.0918312748235498,0.7,0.0,2026-07-21T20:53:45.453953
EMP-0100,Churn_Analysis,Senior_Engineer,0.0,-0.0075256221961750355,5,0.09559202593319971,0.7,1.273564678851851,2026-07-21T20:53:45.453953
